,date_mesure,Teau,id_sonde
0,2013-05,11.105177777777776,104
1,2013-05,10.464172222222222,109
2,2013-05,11.453733333333332,771
3,2013-05,11.60928888888889,813
4,2013-05,11.964716666666668,815
5,2013-05,12.258988888888888,816
6,2013-05,12.75065,817
7,2013-05,13.740227777777777,818
8,2013-05,13.311011111111112,819
9,2013-05,13.383238888888888,820
10,2013-05,12.880022222222223,821
11,2013-05,13.420477777777778,823
12,2013-05,12.509750000000002,824
13,2013-05,10.925805555555556,825
14,2013-05,11.759616666666668,827
15,2013-05,11.968738888888891,828
16,2013-05,12.684399999999998,830
17,2013-06,13.46321944444444,104
18,2013-06,12.517866666666668,109
19,2013-06,13.056569444444447,771
20,2013-06,13.666738888888888,813
21,2013-06,14.315049999999998,815
22,2013-06,14.542574999999998,816
23,2013-06,16.35601388888889,817
24,2013-06,17.334933333333336,818
25,2013-06,16.97317222222222,819
26,2013-06,15.708316666666667,820
27,2013-06,14.691880555555553,821
28,2013-06,15.706594444444443,823
29,2013-06,15.292658333333332,824
30,2013-06,13.006172222222222,825
31,2013-06,13.502444444444443,827
32,2013-06,14.06231111111111,828
33,2013-06,14.836605555555558,830
34,2013-07,16.927002688172045,104
35,2013-07,15.529051075268818,109
36,2013-07,16.15236021505376,771
37,2013-07,17.167817204301073,813
38,2013-07,17.495774193548392,815
39,2013-07,17.858559139784944,816
40,2013-07,21.085553763440867,817
41,2013-07,22.143268817204305,818
42,2013-07,21.812599462365593,819
43,2013-07,19.100604838709685,820
44,2013-07,18.318362903225804,821
45,2013-07,19.10746505376344,823
46,2013-07,19.053940860215057,824
47,2013-07,15.84323655913978,825
48,2013-07,15.881333333333334,827
49,2013-07,16.90323387096774,828
50,2013-07,17.595155913978495,830
51,2013-08,15.665572580645163,104
52,2013-08,14.842080645161287,109
53,2013-08,15.261766129032257,771
54,2013-08,16.289639784946235,813
55,2013-08,16.684731182795698,815
56,2013-08,17.15208602150537,816
57,2013-08,19.894478494623655,817
58,2013-08,20.699612903225812,818
59,2013-08,20.304295698924733,819
60,2013-08,19.617201612903234,820
61,2013-08,17.31513172043011,821
62,2013-08,19.510389784946238,823
63,2013-08,17.92904569892473,824
64,2013-08,14.708913978494623,825
65,2013-08,14.742731182795701,827
66,2013-08,15.69306989247312,828
67,2013-08,16.365666666666662,830
68,2013-09,13.724963888888887,104
69,2013-09,13.04048888888889,109
70,2013-09,13.508983333333335,771
71,2013-09,14.510333333333335,813
72,2013-09,14.719750000000001,815
73,2013-09,15.309566666666665,816
74,2013-09,17.03485,817
75,2013-09,17.77359722222222,818
76,2013-09,17.39176111111111,819
77,2013-09,17.709433333333333,820
78,2013-09,15.78496111111111,821
79,2013-09,17.590791666666664,823
80,2013-09,15.531013888888888,824
81,2013-09,13.265600000000001,825
82,2013-09,13.24074722222222,827
83,2013-09,13.824391666666665,828
84,2013-09,14.353738888888886,830
85,2013-10,12.565672043010752,104
86,2013-10,12.621193548387094,109
87,2013-10,12.046080645161293,771
88,2013-10,12.869551075268818,813
89,2013-10,12.93601075268817,815
90,2013-10,13.34240322580645,816
91,2013-10,14.100731182795698,817
92,2013-10,14.460532258064516,818
93,2013-10,14.389392473118278,819
94,2013-10,15.721293010752687,820
95,2013-10,14.42417741935484,821
96,2013-10,15.650451612903225,823
97,2013-10,13.841405913978496,824
98,2013-10,13.426739247311827,825
99,2013-10,12.35903494623656,827
100,2013-10,12.633034946236558,828
101,2013-10,12.818916666666668,830
102,2013-11,8.537969444444444,104
103,2013-11,9.351941666666667,109
104,2013-11,9.950611111111112,771
105,2013-11,10.136133333333333,813
106,2013-11,10.11961111111111,815
107,2013-11,10.106374999999996,816
108,2013-11,9.441858333333332,817
109,2013-11,9.409044444444444,818
110,2013-11,9.995536111111111,819
111,2013-11,10.750044444444445,820
112,2013-11,9.67096388888889,821
113,2013-11,10.748519444444446,823
114,2013-11,9.389013888888888,824
115,2013-11,9.704533333333334,825
116,2013-11,8.957525000000002,827
117,2013-11,8.797683333333335,828
118,2013-11,9.107575,830
119,2013-12,6.163833333333333,104
120,2013-12,6.684061827956989,109
121,2013-12,7.547698924731184,771
122,2013-12,7.618206989247312,813
123,2013-12,7.660685483870968,815
124,2013-12,7.813298387096773,816
125,2013-12,6.462876344086024,817
126,2013-12,6.459508064516128,818
127,2013-12,6.7814865591397835,819
128,2013-12,7.117682795698925,820
129,2013-12,6.456284946236559,821
130,2013-12,7.166346774193547,823
131,2013-12,7.078838709677421,824
132,2013-12,7.184258064516127,825
133,2013-12,7.37229569892473,827
134,2013-12,7.055666666666665,828
135,2013-12,7.449607526881721,830
136,2014-01,7.092451612903226,104
137,2014-01,7.345131720430108,109
138,2014-01,8.400352150537634,771
139,2014-01,7.983182795698926,813
140,2014-01,8.045104838709678,815
141,2014-01,8.208139784946237,816
142,2014-01,7.702040322580643,817
143,2014-01,7.7077446236559135,818
144,2014-01,7.744333333333333,819
145,2014-01,8.200860215053764,820
146,2014-01,8.176145161290323,821
147,2014-01,8.235736559139786,823
148,2014-01,8.459336021505374,824
149,2014-01,7.47088440860215,825
150,2014-01,7.974989247311828,827
151,2014-01,7.871045698924729,828
152,2014-01,8.802306451612903,830
153,2014-02,6.889184523809525,104
154,2014-02,6.989107142857144,109
155,2014-02,8.282696428571429,771
156,2014-02,7.716324404761904,813
157,2014-02,7.952184523809524,815
158,2014-02,8.120497023809522,816
159,2014-02,7.386940476190475,817
160,2014-02,7.424413690476191,818
161,2014-02,7.441104166666667,819
162,2014-02,7.97850595238095,820
163,2014-02,7.994419642857144,821
164,2014-02,8.017377976190476,823
165,2014-02,8.297127976190476,824
166,2014-02,7.114806547619048,825
167,2014-02,7.73022023809524,827
168,2014-02,7.707776785714287,828
169,2014-02,8.315907738095236,830
170,2014-03,8.124564516129032,104
171,2014-03,8.301526881720429,109
172,2014-03,8.729411290322581,771
173,2014-03,8.664470430107526,813
174,2014-03,9.068196236559139,815
175,2014-03,9.390822580645159,816
176,2014-03,9.19124193548387,817
177,2014-03,9.286811827956988,818
178,2014-03,9.278478494623656,819
179,2014-03,9.428919354838714,820
180,2014-03,9.298336021505376,821
181,2014-03,9.464268817204301,823
182,2014-03,9.54004569892473,824
183,2014-03,8.487241935483873,825
184,2014-03,9.244467741935484,827
185,2014-03,9.283696236559138,828
186,2014-03,9.840908602150542,830
187,2014-04,10.621383333333334,104
188,2014-04,10.568588888888888,109
189,2014-04,10.473544444444444,771
190,2014-04,10.953344444444443,813
191,2014-04,11.539891666666668,815
192,2014-04,11.880455555555558,816
193,2014-04,12.245283333333335,817
194,2014-04,12.627094444444444,818
195,2014-04,12.422044444444445,819
196,2014-04,12.166197222222223,820
197,2014-04,11.36515,821
198,2014-04,12.181202777777777,823
199,2014-04,11.81802222222222,824
200,2014-04,10.711191666666666,825
201,2014-04,11.407794444444443,827
202,2014-04,11.680336111111115,828
203,2014-04,12.173580555555553,830
204,2014-05,11.86053225806451,104
205,2014-05,11.89900806451613,109
206,2014-05,11.77205376344086,771
207,2014-05,12.088892473118282,813
208,2014-05,12.710411290322584,815
209,2014-05,13.050456989247312,816
210,2014-05,13.717594086021505,817
211,2014-05,14.103008064516125,818
212,2014-05,13.889814516129034,819
213,2014-05,14.228034946236562,820
214,2014-05,13.571045698924731,821
215,2014-05,14.236666666666672,823
216,2014-05,13.472045698924733,824
217,2014-05,11.644935483870963,825
218,2014-05,12.24976075268817,827
219,2014-05,12.615048387096776,828
220,2014-05,13.20474731182796,830
221,2014-06,14.08626111111111,104
222,2014-06,13.816997222222223,109
223,2014-06,13.80080833333333,771
224,2014-06,15.025002777777777,813
225,2014-06,15.451305555555555,815
226,2014-06,15.824113888888887,816
227,2014-06,17.576308333333333,817
228,2014-06,18.48647222222222,818
229,2014-06,17.994025000000004,819
230,2014-06,17.19787222222222,820
231,2014-06,16.31319722222222,821
232,2014-06,17.19366388888889,823
233,2014-06,16.465077777777775,824
234,2014-06,13.716291666666667,825
235,2014-06,14.120797222222226,827
236,2014-06,14.818091666666666,828
237,2014-06,15.53211111111111,830
238,2014-07,16.055330645161288,104
239,2014-07,15.354188172043008,109
240,2014-07,15.894922043010755,771
241,2014-07,17.207801075268815,813
242,2014-07,17.474123655913978,815
243,2014-07,17.944389784946235,816
244,2014-07,19.936879032258062,817
245,2014-07,20.959833333333332,818
246,2014-07,20.371959677419355,819
247,2014-07,19.150180107526882,820
248,2014-07,18.626771505376343,821
249,2014-07,19.14853494623656,823
250,2014-07,18.39505645161291,824
251,2014-07,15.183247311827953,825
252,2014-07,15.27463440860215,827
253,2014-07,16.08560752688172,828
254,2014-07,16.80973924731183,830
255,2014-08,14.756169354838711,104
256,2014-08,14.62236559139785,109
257,2014-08,14.26108064516129,771
258,2014-08,15.42796505376344,813
259,2014-08,15.656913978494627,815
260,2014-08,16.201424731182794,816
261,2014-08,17.814336021505376,817
262,2014-08,18.45186559139785,818
263,2014-08,18.10984139784946,819
264,2014-08,18.75777688172043,820
265,2014-08,17.891180107526882,821
266,2014-08,18.682857526881723,823
267,2014-08,16.478400537634403,824
268,2014-08,14.635889784946233,825
269,2014-08,14.310419354838709,827
270,2014-08,14.820518817204299,828
271,2014-08,15.404298387096775,830
272,2014-09,13.972419444444446,104
273,2014-09,13.784044444444444,109
274,2014-09,13.530124999999998,771
275,2014-09,14.587858333333335,813
276,2014-09,14.98097222222222,815
277,2014-09,15.714105555555555,816
278,2014-09,17.118133333333333,817
279,2014-09,17.873502777777784,818
280,2014-09,17.432641666666665,819
281,2014-09,17.758111111111113,820
282,2014-09,17.104158333333334,821
283,2014-09,17.685447222222226,823
284,2014-09,15.586191666666666,824
285,2014-09,14.29183888888889,825
286,2014-09,13.759491666666666,827
287,2014-09,14.276505555555552,828
288,2014-09,14.758097222222226,830
289,2014-10,12.319881720430109,104
290,2014-10,12.577795698924731,109
291,2014-10,11.919389784946233,771
292,2014-10,12.909524193548387,813
293,2014-10,12.735962365591398,815
294,2014-10,13.218220430107527,816
295,2014-10,13.82097043010753,817
296,2014-10,14.130478494623652,818
297,2014-10,14.012172043010754,819
298,2014-10,15.230201612903224,820
299,2014-10,14.759153225806452,821
300,2014-10,15.18622580645161,823
301,2014-10,13.40532258064516,824
302,2014-10,13.0239623655914,825
303,2014-10,12.283411290322581,827
304,2014-10,12.55398387096774,828
305,2014-10,12.840389784946238,830
306,2014-11,9.931138888888889,104
307,2014-11,11.013802777777782,109
308,2014-11,9.97584166666667,771
309,2014-11,10.445133333333333,813
310,2014-11,10.082875,815
311,2014-11,10.296480555555556,816
312,2014-11,10.191316666666665,817
313,2014-11,10.240694444444443,818
314,2014-11,10.274288888888892,819
315,2014-11,11.801980555555556,820
316,2014-11,11.716391666666668,821
317,2014-11,11.78788611111111,823
318,2014-11,10.875997222222223,824
319,2014-11,11.508583333333332,825
320,2014-11,10.35175277777778,827
321,2014-11,10.251630555555554,828
322,2014-11,10.588180555555557,830
323,2014-12,7.051198924731182,104
324,2014-12,8.746069892473118,109
325,2014-12,8.129497311827958,771
326,2014-12,8.138462365591396,813
327,2014-12,7.9617768817204295,815
328,2014-12,8.023443548387098,816
329,2014-12,7.518228494623655,817
330,2014-12,7.4627983870967745,818
331,2014-12,7.4880887096774185,819
332,2014-12,8.860787634408602,820
333,2014-12,8.969900537634409,821
334,2014-12,8.874489247311827,823
335,2014-12,8.603223118279569,824
336,2014-12,9.277924731182795,825
337,2014-12,7.754922043010755,827
338,2014-12,7.562271505376343,828
339,2014-12,8.612801075268816,830
340,2015-01,5.818284946236559,104
341,2015-01,7.455381720430107,109
342,2015-01,7.513096774193548,771
343,2015-01,7.29288440860215,813
344,2015-01,7.234940860215056,815
345,2015-01,7.251306451612903,816
346,2015-01,6.163306451612904,817
347,2015-01,6.044309139784946,818
348,2015-01,6.08225806451613,819
349,2015-01,6.964169354838709,820
350,2015-01,6.9358790322580655,821
351,2015-01,7.020067204301075,823
352,2015-01,7.277233870967743,824
353,2015-01,8.602381720430108,825
354,2015-01,6.982032258064517,827
355,2015-01,6.777158602150538,828
356,2015-01,8.675577956989247,830
357,2015-02,4.924318452380953,104
358,2015-02,6.5177113095238095,109
359,2015-02,6.695458333333334,771
360,2015-02,6.216517857142856,813
361,2015-02,6.503125,815
362,2015-02,6.575583333333333,816
363,2015-02,5.454181547619046,817
364,2015-02,5.434964285714286,818
365,2015-02,5.454598214285714,819
366,2015-02,5.856502976190477,820
367,2015-02,5.878440476190478,821
368,2015-02,5.913074404761903,823
369,2015-02,6.431538690476189,824
370,2015-02,7.353089285714286,825
371,2015-02,6.362485119047618,827
372,2015-02,6.197720238095237,828
373,2015-02,8.275437499999999,830
374,2015-03,7.296924731182797,104
375,2015-03,7.882483870967741,109
376,2015-03,8.1663064516129,771
377,2015-03,7.897983870967742,813
378,2015-03,8.232884408602152,815
379,2015-03,8.589852150537634,816
380,2015-03,8.158819892473119,817
381,2015-03,8.248774193548387,818
382,2015-03,8.236803763440859,819
383,2015-03,8.669618279569894,820
384,2015-03,8.57016935483871,821
385,2015-03,8.72016935483871,823
386,2015-03,8.897115591397847,824
387,2015-03,8.103916666666667,825
388,2015-03,8.60864247311828,827
389,2015-03,8.553924731182796,828
390,2015-03,9.681846774193552,830
391,2015-04,10.391983333333332,104
392,2015-04,9.905313888888886,109
393,2015-04,10.425538888888891,771
394,2015-04,10.790733333333337,813
395,2015-04,11.387791666666667,815
396,2015-04,11.72788611111111,816
397,2015-04,12.447111111111111,817
398,2015-04,12.97384722222222,818
399,2015-04,12.766480555555555,819
400,2015-04,12.39935,820
401,2015-04,11.93806666666667,821
402,2015-04,12.428802777777774,823
403,2015-04,12.219997222222224,824
404,2015-04,9.455780555555554,825
405,2015-04,11.357719444444447,827
406,2015-04,11.67450277777778,828
407,2015-04,11.756405555555554,830
408,2015-05,11.870370967741941,104
409,2015-05,11.153736559139785,109
410,2015-05,11.803408602150537,771
411,2015-05,12.457405913978496,813
412,2015-05,13.105295698924731,815
413,2015-05,13.35378494623656,816
414,2015-05,14.677524193548386,817
415,2015-05,15.390959677419351,818
416,2015-05,15.009919354838708,819
417,2015-05,14.301174731182794,820
418,2015-05,13.745360215053763,821
419,2015-05,14.30881451612903,823
420,2015-05,13.414784946236562,824
421,2015-05,10.752298387096776,825
422,2015-05,12.55991935483871,827
423,2015-05,12.976018817204302,828
424,2015-05,13.23252956989247,830
425,2015-06,13.924230555555557,104
426,2015-06,12.740761111111112,109
427,2015-06,13.854244444444445,771
428,2015-06,14.831777777777779,813
429,2015-06,15.402930555555553,815
430,2015-06,15.692419444444443,816
431,2015-06,18.472375,817
432,2015-06,19.256958333333333,818
433,2015-06,19.079575000000002,819
434,2015-06,17.06125555555555,820
435,2015-06,16.716380555555553,821
436,2015-06,17.071325,823
437,2015-06,16.09692222222222,824
438,2015-06,13.088533333333334,825
439,2015-06,14.17235,827
440,2015-06,14.894072222222222,828
441,2015-06,15.594227777777778,830
442,2015-07,16.064534946236556,104
443,2015-07,14.917564516129026,109
444,2015-07,15.875524193548385,771
445,2015-07,16.852532258064517,813
446,2015-07,17.146774193548385,815
447,2015-07,17.569002688172045,816
448,2015-07,20.618696236559142,817
449,2015-07,21.10185483870968,818
450,2015-07,21.537266129032258,819
451,2015-07,19.857005376344084,820
452,2015-07,18.9381370967742,821
453,2015-07,19.77502956989247,823
454,2015-07,17.976854838709677,824
455,2015-07,15.040905913978497,825
456,2015-07,15.283940860215054,827
457,2015-07,16.259564516129032,828
458,2015-07,16.83763172043011,830
459,2015-08,15.549951612903223,104
460,2015-08,14.582610215053764,109
461,2015-08,15.201341397849463,771
462,2015-08,16.22008333333333,813
463,2015-08,16.322548387096777,815
464,2015-08,16.9205188172043,816
465,2015-08,19.333897849462364,817
466,2015-08,19.80761290322581,818
467,2015-08,20.01316935483871,819
468,2015-08,19.15068817204302,820
469,2015-08,18.920556451612907,821
470,2015-08,19.105309139784946,823
471,2015-08,17.592126344086022,824
472,2015-08,14.866142473118277,825
473,2015-08,14.895688172043014,827
474,2015-08,15.774311827956987,828
475,2015-08,16.33674731182796,830
476,2015-09,12.375763888888887,104
477,2015-09,12.586133333333335,109
478,2015-09,12.030186111111112,771
479,2015-09,12.80947777777778,813
480,2015-09,13.22148888888889,815
481,2015-09,13.937855555555556,816
482,2015-09,15.32479722222222,817
483,2015-09,15.62815833333333,818
484,2015-09,16.01036944444444,819
485,2015-09,16.792913888888883,820
486,2015-09,15.130338888888891,821
487,2015-09,16.686180555555556,823
488,2015-09,14.22194722222222,824
489,2015-09,12.793897222222228,825
490,2015-09,12.511136111111112,827
491,2015-09,12.901469444444443,828
492,2015-09,13.526733333333334,830
493,2015-10,10.213241935483873,104
494,2015-10,10.481905913978496,109
495,2015-10,10.268209677419355,771
496,2015-10,10.864416666666665,813
497,2015-10,10.96336827956989,815
498,2015-10,11.692768817204302,816
499,2015-10,11.955056451612906,817
500,2015-10,12.187370967741936,818
501,2015-10,12.39738709677419,819
502,2015-10,13.719809139784948,820
503,2015-10,13.100478494623655,821
504,2015-10,13.64533064516129,823
505,2015-10,11.504166666666668,824
506,2015-10,11.488462365591399,825
507,2015-10,10.880102150537637,827
508,2015-10,10.91489247311828,828
509,2015-10,11.42977419354839,830
510,2015-11,10.665627777777779,104
511,2015-11,10.796163888888888,109
512,2015-11,10.539183333333336,771
513,2015-11,11.126680555555557,813
514,2015-11,10.954077777777778,815
515,2015-11,11.325197222222224,816
516,2015-11,11.03177222222222,817
517,2015-11,11.1173,818
518,2015-11,11.161666666666664,819
519,2015-11,12.152294444444445,820
520,2015-11,11.941563888888892,821
521,2015-11,12.162563888888888,823
522,2015-11,11.143394444444445,824
523,2015-11,11.278883333333333,825
524,2015-11,10.77241111111111,827
525,2015-11,10.888330555555552,828
526,2015-11,11.169391666666664,830
527,2015-12,9.196424731182796,104
528,2015-12,9.56394623655914,109
529,2015-12,9.563362903225805,771
530,2015-12,9.779932795698922,813
531,2015-12,9.66359677419355,815
532,2015-12,9.901091397849463,816
533,2015-12,9.224333333333334,817
534,2015-12,9.285373655913979,818
535,2015-12,9.234185483870966,819
536,2015-12,9.741951612903229,820
537,2015-12,9.647459677419356,821
538,2015-12,9.758405913978494,823
539,2015-12,9.63317741935484,824
540,2015-12,10.04624193548387,825
541,2015-12,9.583379032258065,827
542,2015-12,9.495693548387097,828
543,2015-12,9.913583333333332,830
544,2016-01,6.605564516129031,104
545,2016-01,7.774701612903226,109
546,2016-01,8.045817204301077,771
547,2016-01,7.949725806451613,813
548,2016-01,7.756787634408601,815
549,2016-01,7.843967741935484,816
550,2016-01,7.082198924731182,817
551,2016-01,7.254462365591399,818
552,2016-01,7.046112903225807,819
553,2016-01,7.612091397849462,820
554,2016-01,7.566411290322581,821
555,2016-01,7.648155913978496,823
556,2016-01,7.719225806451614,824
557,2016-01,8.360739247311827,825
558,2016-01,7.379043010752687,827
559,2016-01,7.138432795698925,828
560,2016-01,7.838000000000002,830
561,2016-02,6.795186781609194,104
562,2016-02,8.052813218390803,109
563,2016-02,8.240945402298852,771
564,2016-02,7.973410919540231,813
565,2016-02,8.047841954022989,815
566,2016-02,8.229045977011491,816
567,2016-02,7.50412931034483,817
568,2016-02,7.603721264367817,818
569,2016-02,7.541543103448277,819
570,2016-02,8.110316091954022,820
571,2016-02,8.184649425287358,821
572,2016-02,8.146488505747126,823
573,2016-02,8.268333333333333,824
574,2016-02,7.621155172413794,825
575,2016-02,7.651152298850574,827
576,2016-02,7.558454022988506,828
577,2016-02,7.955807471264367,830
578,2016-03,6.598384408602151,104
579,2016-03,7.633763440860214,109
580,2016-03,7.75575,771
581,2016-03,7.5236827956989245,813
582,2016-03,7.74386559139785,815
583,2016-03,8.100470430107526,816
584,2016-03,7.672397849462365,817
585,2016-03,7.721948924731183,818
586,2016-03,7.703341397849464,819
587,2016-03,8.149158602150536,820
588,2016-03,8.075841397849462,821
589,2016-03,8.201177419354838,823
590,2016-03,8.39327688172043,824
591,2016-03,7.442333333333332,825
592,2016-03,7.9358145161290325,827
593,2016-03,7.864709677419357,828
594,2016-03,8.47231182795699,830
595,2016-04,9.102255555555555,104
596,2016-04,9.163405555555553,109
597,2016-04,9.186097222222225,771
598,2016-04,9.198480555555555,813
599,2016-04,9.658774999999999,815
600,2016-04,10.047355555555553,816
601,2016-04,10.39926944444444,817
602,2016-04,10.480955555555555,818
603,2016-04,10.557441666666668,819
604,2016-04,10.785686111111115,820
605,2016-04,10.329858333333334,821
606,2016-04,10.816719444444447,823
607,2016-04,10.341438888888888,824
608,2016-04,9.149491666666668,825
609,2016-04,10.083158333333335,827
610,2016-04,10.214722222222226,828
611,2016-04,10.81336388888889,830
612,2016-05,12.253405913978495,104
613,2016-05,11.303623655913983,109
614,2016-05,12.054865591397851,771
615,2016-05,12.495268817204302,813
616,2016-05,13.242311827956991,815
617,2016-05,13.501416666666666,816
618,2016-05,14.171376344086019,817
619,2016-05,14.532663978494622,818
620,2016-05,14.865760752688177,819
621,2016-05,14.138327956989244,820
622,2016-05,13.505720430107528,821
623,2016-05,14.170903225806452,823
624,2016-05,13.839389784946233,824
625,2016-05,11.20923924731183,825
626,2016-05,12.757526881720427,827
627,2016-05,13.198330645161295,828
628,2016-05,13.994239247311826,830
629,2016-06,14.327272222222224,104
630,2016-06,13.485558333333335,109
631,2016-06,13.853138888888887,771
632,2016-06,14.461575000000003,813
633,2016-06,15.039580555555558,815
634,2016-06,15.285855555555555,816
635,2016-06,16.602588888888885,817
636,2016-06,17.013180555555554,818
637,2016-06,17.51949722222222,819
638,2016-06,16.59113055555556,820
639,2016-06,16.10298611111111,821
640,2016-06,16.600716666666667,823
641,2016-06,15.82398611111111,824
642,2016-06,12.820686111111112,825
643,2016-06,14.08766111111111,827
644,2016-06,14.649258333333332,828
645,2016-06,15.38931944444444,830
646,2016-07,15.749534946236556,104
647,2016-07,14.77060752688172,109
648,2016-07,15.36253494623656,771
649,2016-07,16.187279569892475,813
650,2016-07,16.725499999999993,815
651,2016-07,17.020336021505376,816
652,2016-07,19.80071505376345,817
653,2016-07,20.351973118279574,818
654,2016-07,20.965158602150538,819
655,2016-07,18.879094086021507,820
656,2016-07,18.111080645161298,821
657,2016-07,18.865279569892476,823
658,2016-07,17.679282258064514,824
659,2016-07,14.316013440860214,825
660,2016-07,15.131709677419357,827
661,2016-07,15.962833333333334,828
662,2016-07,16.818274193548383,830
663,2016-08,15.786755376344086,104
664,2016-08,15.090798387096774,109
665,2016-08,15.677456989247311,771
666,2016-08,16.256951612903226,813
667,2016-08,16.8012311827957,815
668,2016-08,17.2615376344086,816
669,2016-08,20.077916666666663,817
670,2016-08,20.619137096774196,818
671,2016-08,20.972376344086022,819
672,2016-08,19.507715053763445,820
673,2016-08,19.58666935483871,821
674,2016-08,19.449962365591404,823
675,2016-08,18.059465053763443,824
676,2016-08,14.770220430107527,825
677,2016-08,15.11091129032258,827
678,2016-08,15.986645161290324,828
679,2016-08,16.790870967741935,830
680,2016-09,15.159416666666665,104
681,2016-09,14.739036111111108,109
682,2016-09,14.923522222222223,771
683,2016-09,15.546336111111113,813
684,2016-09,15.90236111111111,815
685,2016-09,16.519466666666666,816
686,2016-09,18.44195,817
687,2016-09,18.82013055555556,818
688,2016-09,19.150375,819
689,2016-09,19.245700000000003,820
690,2016-09,18.64681666666667,821
691,2016-09,19.10881944444445,823
692,2016-09,16.890780555555555,824
693,2016-09,14.577911111111112,825
694,2016-09,14.376991666666665,827
695,2016-09,15.10713888888889,828
696,2016-09,15.544024999999996,830
697,2016-10,9.942209677419358,104
698,2016-10,10.174405913978493,109
699,2016-10,9.380967741935484,771
700,2016-10,9.738739247311829,813
701,2016-10,10.342481182795698,815
702,2016-10,11.488663978494627,816
703,2016-10,11.875209677419354,817
704,2016-10,12.007145161290325,818
705,2016-10,12.229768817204299,819
706,2016-10,14.431973118279569,820
707,2016-10,14.586260752688172,821
708,2016-10,14.244922043010751,823
709,2016-10,11.05533870967742,824
710,2016-10,11.37677688172043,825
711,2016-10,10.650102150537634,827
712,2016-10,10.581639784946237,828
713,2016-10,11.016223118279568,830
714,2016-11,8.085669444444443,104
715,2016-11,8.619747222222221,109
716,2016-11,8.210575000000002,771
717,2016-11,8.452330555555555,813
718,2016-11,8.539758333333332,815
719,2016-11,9.104633333333336,816
720,2016-11,8.544805555555554,817
721,2016-11,8.598213888888889,818
722,2016-11,8.754636111111113,819
723,2016-11,10.287863888888891,820
724,2016-11,10.195686111111112,821
725,2016-11,10.212102777777776,823
726,2016-11,8.357125000000002,824
727,2016-11,9.527055555555558,825
728,2016-11,9.139919444444445,827
729,2016-11,8.759072222222223,828
730,2016-11,9.088536111111113,830
731,2016-12,4.804069892473119,104
732,2016-12,5.996451612903226,109
733,2016-12,4.9921370967741945,771
734,2016-12,5.892268817204301,813
735,2016-12,5.36294623655914,815
736,2016-12,5.5944408602150535,816
737,2016-12,4.543690860215054,817
738,2016-12,4.732661290322581,818
739,2016-12,4.716080645161289,819
740,2016-12,7.063215053763441,820
741,2016-12,7.23659946236559,821
742,2016-12,7.049508064516126,823
743,2016-12,5.465029569892474,824
744,2016-12,7.1553252688172035,825
745,2016-12,6.897064516129034,827
746,2016-12,6.0650188172043,828
747,2016-12,6.428037634408601,830
748,2017-01,2.9208494623655916,104
749,2017-01,3.8154112903225816,109
750,2017-01,3.6617903225806434,771
751,2017-01,4.324284946236559,813
752,2017-01,3.9374811827956995,815
753,2017-01,3.969483870967742,816
754,2017-01,2.3064919354838715,817
755,2017-01,2.675774193548387,818
756,2017-01,2.237924731182796,819
757,2017-01,4.558040322580645,820
758,2017-01,4.6892526881720435,821
759,2017-01,4.5815456989247325,823
760,2017-01,3.0913817204301073,824
761,2017-01,5.29470430107527,825
762,2017-01,5.078631720430107,827
763,2017-01,4.379306451612903,828
764,2017-01,4.854102150537634,830
765,2017-02,6.389636904761905,104
766,2017-02,6.870776785714286,109
767,2017-02,7.09533630952381,771
768,2017-02,7.20277976190476,813
769,2017-02,7.3082232142857135,815
770,2017-02,7.532282738095239,816
771,2017-02,6.479952380952381,817
772,2017-02,6.627997023809525,818
773,2017-02,6.5820863095238105,819
774,2017-02,5.65199107142857,820
775,2017-02,5.514735119047619,821
776,2017-02,5.751032738095238,823
777,2017-02,7.095720238095238,824
778,2017-02,7.092485119047617,825
779,2017-02,7.6500863095238065,827
780,2017-02,7.550181547619049,828
781,2017-02,7.992333333333332,830
782,2017-03,8.837862903225805,104
783,2017-03,8.659043010752688,109
784,2017-03,9.272846774193548,771
785,2017-03,9.255198924731186,813
786,2017-03,9.593236559139784,815
787,2017-03,9.88406182795699,816
788,2017-03,9.590983870967744,817
789,2017-03,9.545462365591398,818
790,2017-03,9.777172043010749,819
791,2017-03,9.15661559139785,820
792,2017-03,9.082518817204301,821
793,2017-03,9.213575268817204,823
794,2017-03,9.812427419354838,824
795,2017-03,8.55835752688172,825
796,2017-03,9.597317204301076,827
797,2017-03,9.727043010752688,828
798,2017-03,10.16439516129032,830
799,2017-04,9.57628333333333,104
800,2017-04,9.122272222222222,109
801,2017-04,9.31766388888889,771
802,2017-04,9.841430555555554,813
803,2017-04,10.785263888888892,815
804,2017-04,11.206624999999999,816
805,2017-04,12.180002777777776,817
806,2017-04,12.41652222222222,818
807,2017-04,12.938069444444443,819
808,2017-04,12.16648611111111,820
809,2017-04,11.406633333333334,821
810,2017-04,12.159766666666666,823
811,2017-04,11.311477777777776,824
812,2017-04,9.713572222222222,825
813,2017-04,10.766324999999998,827
814,2017-04,10.955769444444448,828
815,2017-04,11.69451388888889,830
816,2017-05,13.158793010752685,104
817,2017-05,11.835529569892474,109
818,2017-05,12.564255376344084,771
819,2017-05,13.282830645161289,813
820,2017-05,13.963048387096773,815
821,2017-05,14.091938172043012,816
822,2017-05,15.953379032258061,817
823,2017-05,15.85212634408602,818
824,2017-05,16.671075268817205,819
825,2017-05,14.994607526881722,820
826,2017-05,14.700201612903228,821
827,2017-05,15.052572580645162,823
828,2017-05,15.22574731182796,824
829,2017-05,11.658583333333333,825
830,2017-05,13.525413978494626,827
831,2017-05,14.103045698924728,828
832,2017-05,14.722591397849467,830
833,2017-06,15.765758333333334,104
834,2017-06,14.448847222222222,109
835,2017-06,15.669102777777777,771
836,2017-06,15.525497222222217,813
837,2017-06,16.823366666666665,815
838,2017-06,16.995386111111113,816
839,2017-06,20.81806111111111,817
840,2017-06,21.02498333333333,818
841,2017-06,21.770519444444446,819
842,2017-06,19.115316666666665,820
843,2017-06,18.912308333333335,821
844,2017-06,19.112725000000005,823
845,2017-06,18.810713888888888,824
846,2017-06,14.086933333333338,825
847,2017-06,15.537936111111115,827
848,2017-06,16.591002777777774,828
849,2017-06,17.511405555555555,830
850,2017-07,16.20738440860215,104
851,2017-07,15.25142741935484,109
852,2017-07,16.295849462365588,771
853,2017-07,15.685897849462364,813
854,2017-07,17.1897876344086,815
855,2017-07,17.49468817204301,816
856,2017-07,20.768333333333338,817
857,2017-07,20.875852150537636,818
858,2017-07,21.380279569892473,819
859,2017-07,19.746911290322583,820
860,2017-07,20.047741935483874,821
861,2017-07,19.724491935483872,823
862,2017-07,18.916717741935486,824
863,2017-07,14.845591397849464,825
864,2017-07,15.523588709677417,827
865,2017-07,16.529301075268815,828
866,2017-07,17.344408602150533,830
867,2017-08,15.413559139784944,104
868,2017-08,14.719279569892475,109
869,2017-08,15.40865053763441,771
870,2017-08,15.31726612903226,813
871,2017-08,16.436709677419355,815
872,2017-08,16.90568010752688,816
873,2017-08,19.537446236559145,817
874,2017-08,19.775282258064518,818
875,2017-08,20.165043010752697,819
876,2017-08,19.426177419354843,820
877,2017-08,19.187572580645163,821
878,2017-08,19.352123655913974,823
879,2017-08,18.21438440860215,824
880,2017-08,14.624857526881723,825
881,2017-08,14.82733064516129,827
882,2017-08,15.724698924731182,828
883,2017-08,16.55869086021505,830
884,2017-09,13.181775000000004,104
885,2017-09,12.84634722222222,109
886,2017-09,12.861183333333333,771
887,2017-09,13.992275000000001,813
888,2017-09,13.882777777777779,815
889,2017-09,14.585594444444444,816
890,2017-09,15.956808333333331,817
891,2017-09,16.392452777777777,818
892,2017-09,16.705669444444442,819
893,2017-09,16.844386111111113,820
894,2017-09,16.474263888888885,821
895,2017-09,16.74658333333333,823
896,2017-09,14.587500000000006,824
897,2017-09,13.228475000000001,825
898,2017-09,13.016886111111113,827
899,2017-09,13.504394444444443,828
900,2017-09,14.142463888888885,830
901,2017-10,12.613408602150537,104
902,2017-10,12.324290322580644,109
903,2017-10,12.328483870967741,771
904,2017-10,13.407739247311826,813
905,2017-10,13.162596774193547,815
906,2017-10,13.66692204301075,816
907,2017-10,14.141817204301073,817
908,2017-10,14.674163978494624,818
909,2017-10,14.872169354838709,819
910,2017-10,14.624653225806455,820
911,2017-10,14.423857526881722,821
912,2017-10,14.602655913978491,823
913,2017-10,13.39279569892473,824
914,2017-10,12.803540322580645,825
915,2017-10,12.543185483870966,827
916,2017-10,12.84506182795699,828
917,2017-10,13.186766129032256,830
918,2017-11,8.581719444444445,104
919,2017-11,8.847275,109
920,2017-11,8.682191666666665,771
921,2017-11,10.368791666666665,813
922,2017-11,9.00300833333333,815
923,2017-11,9.372736111111108,816
924,2017-11,8.875827777777777,817
925,2017-11,9.370197222222226,818
926,2017-11,9.169947222222222,819
927,2017-11,10.294461111111112,820
928,2017-11,10.286783333333329,821
929,2017-11,10.296694444444444,823
930,2017-11,9.109291666666667,824
931,2017-11,10.27471666666667,825
932,2017-11,9.379780555555556,827
933,2017-11,9.07816388888889,828
934,2017-11,9.370713888888892,830
935,2017-12,6.97233064516129,104
936,2017-12,7.344395161290321,109
937,2017-12,8.60737365591398,771
938,2017-12,8.734814516129031,813
939,2017-12,8.221516129032256,815
940,2017-12,8.262602150537635,816
941,2017-12,7.158870967741936,817
942,2017-12,7.370956989247312,818
943,2017-12,7.132889784946238,819
944,2017-12,7.339709677419354,820
945,2017-12,7.348064516129032,821
946,2017-12,7.384822580645162,823
947,2017-12,7.716118279569892,824
948,2017-12,8.50705376344086,825
949,2017-12,7.459497311827958,827
950,2017-12,7.350249999999998,828
951,2017-12,7.596830645161291,830
952,2018-01,7.632376344086022,104
953,2018-01,8.197991935483874,109
954,2018-01,9.127827956989245,771
955,2018-01,8.63490053763441,813
956,2018-01,8.727631720430105,815
957,2018-01,8.88073387096774,816
958,2018-01,8.223513440860215,817
959,2018-01,8.286376344086023,818
960,2018-01,8.26342741935484,819
961,2018-01,8.789790322580645,820
962,2018-01,8.796623655913978,821
963,2018-01,8.824911290322579,823
964,2018-01,8.937134408602152,824
965,2018-01,8.292446236559138,825
966,2018-01,8.35289247311828,827
967,2018-01,8.337556451612903,828
968,2018-01,8.552698924731184,830
969,2018-02,4.5396220238095255,104
970,2018-02,5.549723214285714,109
971,2018-02,6.134711309523808,771
972,2018-02,5.781976190476189,813
973,2018-02,5.872705357142857,815
974,2018-02,6.21161011904762,816
975,2018-02,5.546794642857142,817
976,2018-02,5.61267261904762,818
977,2018-02,5.572681547619046,819
978,2018-02,7.069598214285714,820
979,2018-02,7.106401785714286,821
980,2018-02,7.093747023809526,823
981,2018-02,6.664113095238095,824
982,2018-02,6.180529761904762,825
983,2018-02,5.948422619047618,827
984,2018-02,5.75123511904762,828
985,2018-02,6.489074404761904,830
986,2018-03,6.38758064516129,104
987,2018-03,6.986069892473118,109
988,2018-03,7.394948924731183,771
989,2018-03,7.058599462365591,813
990,2018-03,7.323293010752689,815
991,2018-03,7.671040322580644,816
992,2018-03,7.195048387096772,817
993,2018-03,7.231158602150536,818
994,2018-03,7.20375806451613,819
995,2018-03,7.853564516129032,820
996,2018-03,7.849129032258067,821
997,2018-03,7.903728494623657,823
998,2018-03,8.364424731182794,824
999,2018-03,7.236604838709677,825
1000,2018-03,7.907059139784949,827
1001,2018-03,7.834067204301076,828
1002,2018-03,8.507295698924732,830
1003,2018-04,11.053261111111112,104
1004,2018-04,10.65180277777778,109
1005,2018-04,10.815758333333331,771
1006,2018-04,10.797311111111108,813
1007,2018-04,11.287805555555558,815
1008,2018-04,11.658608333333339,816
1009,2018-04,12.242597222222225,817
1010,2018-04,12.433352777777777,818
1011,2018-04,12.560005555555556,819
1012,2018-04,12.360330555555555,820
1013,2018-04,12.151694444444443,821
1014,2018-04,12.384252777777778,823
1015,2018-04,11.92290833333333,824
1016,2018-04,10.566091666666669,825
1017,2018-04,11.690124999999998,827
1018,2018-04,11.998330555555556,828
1019,2018-04,12.201694444444444,830
1020,2018-05,12.752352150537638,104
1021,2018-05,12.022639784946241,109
1022,2018-05,12.225586021505375,771
1023,2018-05,12.728163978494624,813
1024,2018-05,13.185771505376344,815
1025,2018-05,13.429032258064517,816
1026,2018-05,15.148470430107526,817
1027,2018-05,15.496978494623653,818
1028,2018-05,15.876822580645163,819
1029,2018-05,14.762139784946232,820
1030,2018-05,14.474811827956989,821
1031,2018-05,14.784209677419359,823
1032,2018-05,14.250354838709676,824
1033,2018-05,12.142212365591396,825
1034,2018-05,13.11105107526882,827
1035,2018-05,13.570809139784949,828
1036,2018-05,14.181720430107527,830
1037,2018-06,15.528141666666665,104
1038,2018-06,15.060494444444446,109
1039,2018-06,14.575025000000005,771
1040,2018-06,15.212252777777781,813
1041,2018-06,15.73520833333333,815
1042,2018-06,15.993544444444444,816
1043,2018-06,18.650541666666665,817
1044,2018-06,18.877266666666664,818
1045,2018-06,19.177236111111107,819
1046,2018-06,17.862230555555552,820
1047,2018-06,17.47543055555555,821
1048,2018-06,17.872252777777774,823
1049,2018-06,16.738352777777774,824
1050,2018-06,14.460463888888889,825
1051,2018-06,15.15082222222222,827
1052,2018-06,15.783400000000006,828
1053,2018-06,16.28214444444444,830
1054,2018-07,17.427397849462366,104
1055,2018-07,16.752903225806453,109
1056,2018-07,16.890559139784944,771
1057,2018-07,17.731637096774193,813
1058,2018-07,18.136298387096776,815
1059,2018-07,18.430384408602155,816
1060,2018-07,21.73520161290323,817
1061,2018-07,22.12293279569892,818
1062,2018-07,22.848094086021508,819
1063,2018-07,21.03139784946237,820
1064,2018-07,20.33239784946237,821
1065,2018-07,20.99936021505377,823
1066,2018-07,19.01539247311828,824
1067,2018-07,15.688153225806449,825
1068,2018-07,16.29380376344086,827
1069,2018-07,17.19011559139785,828
1070,2018-07,17.857924731182795,830
1071,2018-08,16.33413978494623,104
1072,2018-08,15.703155913978492,109
1073,2018-08,15.918190860215054,771
1074,2018-08,16.635287634408606,813
1075,2018-08,17.059913978494624,815
1076,2018-08,17.50125806451613,816
1077,2018-08,20.343190860215053,817
1078,2018-08,20.614551075268825,818
1079,2018-08,21.0750752688172,819
1080,2018-08,19.53235215053764,820
1081,2018-08,18.48753494623656,821
1082,2018-08,19.496645161290324,823
1083,2018-08,17.920852150537634,824
1084,2018-08,15.221905913978496,825
1085,2018-08,15.25727688172043,827
1086,2018-08,16.135526881720427,828
1087,2018-08,16.650021505376344,830
1088,2018-09,13.139547222222223,104
1089,2018-09,12.48324722222222,109
1090,2018-09,12.95615277777778,771
1091,2018-09,13.824955555555555,813
1092,2018-09,14.115597222222222,815
1093,2018-09,14.926913888888889,816
1094,2018-09,16.905513888888887,817
1095,2018-09,17.268563888888888,818
1096,2018-09,17.429083333333335,819
1097,2018-09,16.413024999999998,820
1098,2018-09,14.78828611111111,821
1099,2018-09,16.388477777777776,823
1100,2018-09,15.313861111111112,824
1101,2018-09,13.415894444444445,825
1102,2018-09,13.05226111111111,827
1103,2018-09,13.561516666666666,828
1104,2018-09,14.002011111111107,830
1105,2018-10,11.28656,104
1106,2018-10,10.661103333333333,109
1107,2018-10,10.963193333333333,771
1108,2018-10,12.134179999999997,813
1109,2018-10,12.160226666666668,815
1110,2018-10,12.994786666666666,816
1111,2018-10,13.430966666666668,817
1112,2018-10,13.946716666666669,818
1113,2018-10,14.226766666666668,819
1114,2018-10,13.126893333333333,820
1115,2018-10,12.56355,821
1116,2018-10,13.12345,823
1117,2018-10,12.8019,824
1118,2018-10,12.024440000000002,825
1119,2018-10,11.767016666666667,827
1120,2018-10,11.978206666666669,828
1121,2018-10,12.445116666666667,830
